날짜,시도,측정소명,측정소코드,아황산가스,일산화탄소,오존,이산화질소,PM10,PM2.5
2016-06-01 01,서울 강남구 ,강남구,111261,0.005,0.5,0.005,0.047,60,33
2016-06-01 02,서울 강남구 ,강남구,111261,0.006,0.5,0.003,0.045,53,31
2016-06-01 03,서울 강남구 ,강남구,111261,0.005,0.5,0.002,0.044,54,39
2016-06-01 04,서울 강남구 ,강남구,111261,0.005,0.5,0.002,0.041,53,31
2016-06-01 05,서울 강남구 ,강남구,111261,0.005,0.4,0.006,0.032,48,26
2016-06-01 06,서울 강남구 ,강남구,111261,0.005,0.4,0.013,0.025,52,31
2016-06-01 07,서울 강남구 ,강남구,111261,0.005,0.3,0.023,0.027,38,22
2016-06-01 08,서울 강남구 ,강남구,111261,0.005,0.3,0.032,0.023,44,27
2016-06-01 09,서울 강남구 ,강남구,111261,0.005,0.4,0.031,0.027,41,22
2016-06-01 10,서울 강남구 ,강남구,111261,0.005,0.3,0.035,0.025,34,17
2016-06-01 11,서울 강남구 ,강남구,111261,0.004,0.3,0.041,0.025,47,23
2016-06-01 12,서울 강남구 ,강남구,111261,0.005,0.3,0.044,0.023,35,19
2016-06-01 13,서울 강남구 ,강남구,111261,0.004,0.3,0.055,0.016,28,19
2016-06-01 14,서울 강남구 ,강남구,111261,0.005,0.3,0.068,0.022,0,0
2016-06-01 15,서울 강남구 ,강남구,111261,0.005,0.3,0.075,0.019,40,24
2016-06-01 16,서울 강남구 ,강남구,111261,0,0,0,0,36,29
2016-06-01 17,서울 강남구 ,강남구,111261,0,0,0,0,44,21
2016-06-01 18,서울 강남구 ,강남구,111261,0.004,0.3,0.066,0.022,41,21
2016-06-01 19,서울 강남구 ,강남구,111261,0.005,0.3,0.067,0.027,44,24
2016-06-01 20,서울 강남구 ,강남구,111261,0.005,0.3,0.053,0.025,46,22
2016-06-01 21,서울 강남구 ,강남구,111261,0.005,0.3,0.03,0.032,42,26
2016-06-01 22,서울 강남구 ,강남구,111261,0.004,0.3,0.023,0.036,34,22
2016-06-01 23,서울 강남구 ,강남구,111261,0.005,0.3,0.023,0.033,31,15
2016-06-01 24,서울 강남구 ,강남구,111261,0.005,0.3,0.022,0.033,28,16
2016-06-02 01,서울 강남구 ,강남구,111261,0.005,0.3,0.019,0.033,25,13
2016-06-02 02,서울 강남구 ,강남구,111261,0.005,0.3,0.016,0.031,28,11
2016-06-02 03,서울 강남구 ,강남구,111261,0.004,0.3,0.023,0.023,22,16
2016-06-02 04,서울 강남구 ,강남구,111261,0.004,0.3,0.026,0.018,25,12
2016-06-02 05,서울 강남구 ,강남구,111261,0.004,0.2,0.023,0.02,26,11
2016-06-02 06,서울 강남구 ,강남구,111261,0.004,0.3,0.014,0.029,21,13
2016-06-02 07,서울 강남구 ,강남구,111261,0.004,0.3,0.008,0.036,26,16
2016-06-02 08,서울 강남구 ,강남구,111261,0.004,0.3,0.009,0.04,24,12
2016-06-02 09,서울 강남구 ,강남구,111261,0.005,0.4,0.01,0.046,31,14
2016-06-02 10,서울 강남구 ,강남구,111261,0.006,0.3,0.023,0.033,21,6
2016-06-02 11,서울 강남구 ,강남구,111261,0.005,0.3,0.031,0.03,24,9
2016-06-02 12,서울 강남구 ,강남구,111261,0.006,0.3,0.034,0.034,33,12
2016-06-02 13,서울 강남구 ,강남구,111261,0.005,0.3,0.043,0.031,35,17
2016-06-02 14,서울 강남구 ,강남구,111261,0.004,0.3,0.055,0.028,35,16
2016-06-02 15,서울 강남구 ,강남구,111261,0.006,0.4,0.09,0.035,60,33
2016-06-02 16,서울 강남구 ,강남구,111261,0.007,0.4,0.073,0.029,61,31
2016-06-02 17,서울 강남구 ,강남구,111261,0.006,0.4,0.066,0.029,46,27
2016-06-02 18,서울 강남구 ,강남구,111261,0.006,0.3,0.057,0.03,47,25
2016-06-02 19,서울 강남구 ,강남구,111261,0.007,0.4,0.058,0.035,46,24
2016-06-02 20,서울 강남구 ,강남구,111261,0.005,0.4,0.061,0.047,70,41
2016-06-02 21,서울 강남구 ,강남구,111261,0.006,0.4,0.043,0.049,68,38
2016-06-02 22,서울 강남구 ,강남구,111261,0.007,0.5,0.026,0.055,70,40
2016-06-02 23,서울 강남구 ,강남구,111261,0.006,0.5,0.019,0.056,64,34
2016-06-02 24,서울 강남구 ,강남구,111261,0.005,0.4,0.016,0.056,56,30
2016-06-03 01,서울 강남구 ,강남구,111261,0.005,0.4,0.016,0.053,48,26
2016-06-03 02,서울 강남구 ,강남구,111261,0.005,0.4,0.014,0.052,49,21
2016-06-03 03,서울 강남구 ,강남구,111261,0.005,0.4,0.02,0.04,43,25
2016-06-03 04,서울 강남구 ,강남구,111261,0.005,0.4,0.018,0.036,53,29
2016-06-03 05,서울 강남구 ,강남구,111261,0.005,0.3,0.031,0.022,50,35
2016-06-03 06,서울 강남구 ,강남구,111261,0.006,0.3,0.034,0.018,41,28
2016-06-03 07,서울 강남구 ,강남구,111261,0.006,0.3,0.028,0.023,42,24
2016-06-03 08,서울 강남구 ,강남구,111261,0.006,0.3,0.025,0.03,36,22
2016-06-03 09,서울 강남구 ,강남구,111261,0.009,0.4,0.027,0.04,39,21
2016-06-03 10,서울 강남구 ,강남구,111261,0.008,0.4,0.051,0.031,26,8
2016-06-03 11,서울 강남구 ,강남구,111261,0.005,0.4,0.053,0.033,40,21
2016-06-03 12,서울 강남구 ,강남구,111261,0.006,0.4,0.063,0.032,51,25
2016-06-03 13,서울 강남구 ,강남구,111261,0.006,0.3,0.072,0.03,50,31
2016-06-03 14,서울 강남구 ,강남구,111261,0.005,0.3,0.078,0.026,45,26
2016-06-03 15,서울 강남구 ,강남구,111261,0.005,0.3,0.07,0.027,37,19
2016-06-03 16,서울 강남구 ,강남구,111261,0.004,0.3,0.063,0.034,47,30
2016-06-03 17,서울 강남구 ,강남구,111261,0.005,0.3,0.066,0.027,43,23
2016-06-03 18,서울 강남구 ,강남구,111261,0.005,0.3,0.059,0.033,46,29
2016-06-03 19,서울 강남구 ,강남구,111261,0.006,0.4,0.053,0.037,59,34
2016-06-03 20,서울 강남구 ,강남구,111261,0.005,0.4,0.05,0.039,0,0
2016-06-03 21,서울 강남구 ,강남구,111261,0.005,0.4,0.042,0.042,0,0
2016-06-03 22,서울 강남구 ,강남구,111261,0.005,0.4,0.03,0.049,59,37
2016-06-03 23,서울 강남구 ,강남구,111261,0.005,0.4,0.039,0.035,56,31
2016-06-03 24,서울 강남구 ,강남구,111261,0.005,0.4,0.042,0.033,44,25
2016-06-04 01,서울 강남구 ,강남구,111261,0.005,0.5,0.016,0.06,48,26
2016-06-04 02,서울 강남구 ,강남구,111261,0.004,0.5,0.032,0.038,60,32
2016-06-04 03,서울 강남구 ,강남구,111261,0.005,0.4,0.036,0.03,53,31
2016-06-04 04,서울 강남구 ,강남구,111261,0.005,0.4,0.016,0.042,58,33
2016-06-04 05,서울 강남구 ,강남구,111261,0.005,0.4,0.012,0.045,52,35
2016-06-04 06,서울 강남구 ,강남구,111261,0.005,0.4,0.011,0.047,55,35
2016-06-04 07,서울 강남구 ,강남구,111261,0.005,0.4,0.012,0.047,52,34
2016-06-04 08,서울 강남구 ,강남구,111261,0.005,0.5,0.005,0.054,51,32
2016-06-04 09,서울 강남구 ,강남구,111261,0.005,0.5,0.009,0.053,61,38
2016-06-04 10,서울 강남구 ,강남구,111261,0.006,0.5,0.017,0.05,62,31
2016-06-04 11,서울 강남구 ,강남구,111261,0.005,0.4,0.027,0.042,53,27
2016-06-04 12,서울 강남구 ,강남구,111261,0.005,0.4,0.039,0.035,48,25
2016-06-04 13,서울 강남구 ,강남구,111261,0.005,0.4,0.04,0.038,52,28
2016-06-04 14,서울 강남구 ,강남구,111261,0.005,0.4,0.033,0.046,54,25
2016-06-04 15,서울 강남구 ,강남구,111261,0.005,0.4,0.055,0.026,54,22
2016-06-04 16,서울 강남구 ,강남구,111261,0.005,0.3,0.062,0.026,55,21
2016-06-04 17,서울 강남구 ,강남구,111261,0.005,0.4,0.061,0.03,59,29
2016-06-04 18,서울 강남구 ,강남구,111261,0.006,0.4,0.05,0.033,76,36
2016-06-04 19,서울 강남구 ,강남구,111261,0.006,0.4,0.045,0.03,73,38
2016-06-04 20,서울 강남구 ,강남구,111261,0.006,0.4,0.037,0.038,62,27
2016-06-04 21,서울 강남구 ,강남구,111261,0.006,0.4,0.024,0.042,66,43
2016-06-04 22,서울 강남구 ,강남구,111261,0.005,0.4,0.031,0.036,73,42
2016-06-04 23,서울 강남구 ,강남구,111261,0.005,0.5,0.018,0.045,66,39
2016-06-04 24,서울 강남구 ,강남구,111261,0.005,0.5,0.005,0.059,66,39
2016-06-05 01,서울 강남구 ,강남구,111261,0.005,0.6,0.002,0.063,69,39
2016-06-05 02,서울 강남구 ,강남구,111261,0.006,0.5,0.002,0.059,65,37
2016-06-05 03,서울 강남구 ,강남구,111261,0.006,0.5,0.001,0.054,66,40
2016-06-05 04,서울 강남구 ,강남구,111261,0.005,0.5,0.002,0.05,64,41
2016-06-05 05,서울 강남구 ,강남구,111261,0.005,0.5,0.003,0.04,68,43
2016-06-05 06,서울 강남구 ,강남구,111261,0.005,0.5,0.006,0.034,70,41
2016-06-05 07,서울 강남구 ,강남구,111261,0.005,0.5,0.01,0.034,54,35
2016-06-05 08,서울 강남구 ,강남구,111261,0.004,0.4,0.019,0.029,65,33
2016-06-05 09,서울 강남구 ,강남구,111261,0.005,0.4,0.031,0.023,65,36
2016-06-05 10,서울 강남구 ,강남구,111261,0.005,0.3,0.042,0.021,44,22
2016-06-05 11,서울 강남구 ,강남구,111261,0.004,0.3,0.055,0.017,39,29
2016-06-05 12,서울 강남구 ,강남구,111261,0.005,0.3,0.07,0.013,31,17
2016-06-05 13,서울 강남구 ,강남구,111261,0.005,0.3,0.08,0.014,43,25
2016-06-05 14,서울 강남구 ,강남구,111261,0.005,0.3,0.087,0.016,42,19
2016-06-05 15,서울 강남구 ,강남구,111261,0.005,0.3,0.089,0.01,39,27
2016-06-05 16,서울 강남구 ,강남구,111261,0.005,0.3,0.083,0.013,33,23
2016-06-05 17,서울 강남구 ,강남구,111261,0.004,0.3,0.084,0.015,37,25
2016-06-05 18,서울 강남구 ,강남구,111261,0.005,0.3,0.084,0.012,37,23
2016-06-05 19,서울 강남구 ,강남구,111261,0.005,0.4,0.077,0.028,59,37
2016-06-05 20,서울 강남구 ,강남구,111261,0.005,0.4,0.056,0.035,67,40
2016-06-05 21,서울 강남구 ,강남구,111261,0.005,0.4,0.045,0.04,54,46
2016-06-05 22,서울 강남구 ,강남구,111261,0.005,0.4,0.045,0.037,52,33
2016-06-05 23,서울 강남구 ,강남구,111261,0.005,0.4,0.032,0.047,57,36
2016-06-05 24,서울 강남구 ,강남구,111261,0.004,0.5,0.025,0.05,63,37
2016-06-06 01,서울 강남구 ,강남구,111261,0.004,0.3,0.038,0.029,50,36
2016-06-06 02,서울 강남구 ,강남구,111261,0.005,0.3,0.041,0.021,40,25
2016-06-06 03,서울 강남구 ,강남구,111261,0.004,0.3,0.043,0.016,27,20
2016-06-06 04,서울 강남구 ,강남구,111261,0.005,0.2,0.05,0.011,21,16
2016-06-06 05,서울 강남구 ,강남구,111261,0.004,0.2,0.049,0.012,14,5
2016-06-06 06,서울 강남구 ,강남구,111261,0.005,0.3,0.043,0.017,13,7
2016-06-06 07,서울 강남구 ,강남구,111261,0.004,0.2,0.031,0.03,14,10
2016-06-06 08,서울 강남구 ,강남구,111261,0.004,0.2,0.036,0.026,15,10
2016-06-06 09,서울 강남구 ,강남구,111261,0.005,0.2,0.039,0.022,16,4
2016-06-06 10,서울 강남구 ,강남구,111261,0.005,0.3,0.04,0.021,16,10
2016-06-06 11,서울 강남구 ,강남구,111261,0.004,0.3,0.043,0.019,15,8
2016-06-06 12,서울 강남구 ,강남구,111261,0.004,0.2,0.055,0.016,19,12
2016-06-06 13,서울 강남구 ,강남구,111261,0.005,0.2,0.061,0.014,19,15
2016-06-06 14,서울 강남구 ,강남구,111261,0.005,0.2,0.062,0.014,31,10
2016-06-06 15,서울 강남구 ,강남구,111261,0.004,0.2,0.059,0.013,29,23
2016-06-06 16,서울 강남구 ,강남구,111261,0.004,0.2,0.057,0.013,27,14
2016-06-06 17,서울 강남구 ,강남구,111261,0.004,0.2,0.047,0.015,28,19
2016-06-06 18,서울 강남구 ,강남구,111261,0.004,0.2,0.041,0.013,24,16
2016-06-06 19,서울 강남구 ,강남구,111261,0.005,0.2,0.038,0.014,16,10
2016-06-06 20,서울 강남구 ,강남구,111261,0.004,0.2,0.038,0.013,12,7
2016-06-06 21,서울 강남구 ,강남구,111261,0.004,0.2,0.034,0.017,19,16
2016-06-06 22,서울 강남구 ,강남구,111261,0.004,0.3,0.032,0.018,19,16
2016-06-06 23,서울 강남구 ,강남구,111261,0.004,0.3,0.029,0.018,14,15
2016-06-06 24,서울 강남구 ,강남구,111261,0.004,0.3,0.026,0.02,19,10
2016-06-07 01,서울 강남구 ,강남구,111261,0.004,0.2,0.026,0.017,19,13
2016-06-07 02,서울 강남구 ,강남구,111261,0.004,0.3,0.026,0.015,21,14
2016-06-07 03,서울 강남구 ,강남구,111261,0.005,0.3,0.025,0.014,22,14
2016-06-07 04,서울 강남구 ,강남구,111261,0.004,0.3,0.024,0.014,17,15
2016-06-07 05,서울 강남구 ,강남구,111261,0.004,0.3,0.024,0.012,22,16
2016-06-07 06,서울 강남구 ,강남구,111261,0.004,0.3,0.024,0.013,25,15
2016-06-07 07,서울 강남구 ,강남구,111261,0.005,0.3,0.018,0.019,23,19
2016-06-07 08,서울 강남구 ,강남구,111261,0.005,0.4,0.021,0.021,48,32
2016-06-07 09,서울 강남구 ,강남구,111261,0.006,0.4,0.014,0.031,44,29
2016-06-07 10,서울 강남구 ,강남구,111261,0.004,0.4,0.01,0.033,23,8
2016-06-07 11,서울 강남구 ,강남구,111261,0.005,0.4,0.014,0.036,41,28
2016-06-07 12,서울 강남구 ,강남구,111261,0.004,0.4,0.018,0.041,63,43
2016-06-07 13,서울 강남구 ,강남구,111261,0.006,0.4,0.032,0.033,48,33
2016-06-07 14,서울 강남구 ,강남구,111261,0.006,0.4,0.041,0.037,64,39
2016-06-07 15,서울 강남구 ,강남구,111261,0.007,0.5,0.042,0.041,60,46
2016-06-07 16,서울 강남구 ,강남구,111261,0.006,0.4,0.062,0.035,66,31
2016-06-07 17,서울 강남구 ,강남구,111261,0.006,0.4,0.08,0.031,58,36
2016-06-07 18,서울 강남구 ,강남구,111261,0.005,0.4,0.081,0.025,60,38
2016-06-07 19,서울 강남구 ,강남구,111261,0.006,0.4,0.061,0.028,59,42
2016-06-07 20,서울 강남구 ,강남구,111261,0.005,0.4,0.044,0.034,54,36
2016-06-07 21,서울 강남구 ,강남구,111261,0.005,0.4,0.03,0.038,62,36
2016-06-07 22,서울 강남구 ,강남구,111261,0.005,0.4,0.02,0.038,64,42
2016-06-07 23,서울 강남구 ,강남구,111261,0.005,0.4,0.018,0.038,57,40
2016-06-07 24,서울 강남구 ,강남구,111261,0.005,0.4,0.009,0.042,56,38
2016-06-08 01,서울 강남구 ,강남구,111261,0.007,0.4,0.002,0.047,49,30
2016-06-08 02,서울 강남구 ,강남구,111261,0.005,0.4,0.003,0.043,43,30
2016-06-08 03,서울 강남구 ,강남구,111261,0.006,0.4,0.01,0.028,42,27
2016-06-08 04,서울 강남구 ,강남구,111261,0.005,0.3,0.019,0.015,37,30
2016-06-08 05,서울 강남구 ,강남구,111261,0.005,0.3,0.02,0.013,39,29
2016-06-08 06,서울 강남구 ,강남구,111261,0.005,0.3,0.021,0.013,35,20
2016-06-08 07,서울 강남구 ,강남구,111261,0.004,0.2,0.024,0.015,26,25
2016-06-08 08,서울 강남구 ,강남구,111261,0.004,0.3,0.021,0.02,27,22
2016-06-08 09,서울 강남구 ,강남구,111261,0.005,0.3,0.022,0.025,37,25
2016-06-08 10,서울 강남구 ,강남구,111261,0.004,0.3,0.022,0.029,34,25
2016-06-08 11,서울 강남구 ,강남구,111261,0.005,0.3,0.03,0.027,34,25
2016-06-08 12,서울 강남구 ,강남구,111261,0.005,0.3,0.034,0.028,41,23
2016-06-08 13,서울 강남구 ,강남구,111261,0.005,0.3,0.039,0.027,29,17
2016-06-08 14,서울 강남구 ,강남구,111261,0.006,0.3,0.05,0.025,37,20
2016-06-08 15,서울 강남구 ,강남구,111261,0.004,0.3,0.056,0.025,39,23
2016-06-08 16,서울 강남구 ,강남구,111261,0.004,0.2,0.057,0.021,32,20
2016-06-08 17,서울 강남구 ,강남구,111261,0.005,0.3,0.046,0.025,28,15
2016-06-08 18,서울 강남구 ,강남구,111261,0.005,0.3,0.036,0.027,35,23
2016-06-08 19,서울 강남구 ,강남구,111261,0.005,0.3,0.026,0.029,32,19
2016-06-08 20,서울 강남구 ,강남구,111261,0.005,0.3,0.016,0.038,41,27
2016-06-08 21,서울 강남구 ,강남구,111261,0.005,0.4,0.009,0.042,50,29
2016-06-08 22,서울 강남구 ,강남구,111261,0.005,0.4,0.007,0.041,49,0
2016-06-08 23,서울 강남구 ,강남구,111261,0.006,0.4,0.004,0.043,48,31
2016-06-08 24,서울 강남구 ,강남구,111261,0.006,0.4,0.006,0.043,48,32
2016-06-09 01,서울 강남구 ,강남구,111261,0.005,0.4,0.014,0.037,46,28
2016-06-09 02,서울 강남구 ,강남구,111261,0.006,0.4,0.005,0.043,43,32
2016-06-09 03,서울 강남구 ,강남구,111261,0.005,0.5,0.002,0.043,52,35
2016-06-09 04,서울 강남구 ,강남구,111261,0.005,0.4,0.003,0.037,48,28
2016-06-09 05,서울 강남구 ,강남구,111261,0.005,0.4,0.005,0.03,50,33
2016-06-09 06,서울 강남구 ,강남구,111261,0.005,0.4,0.005,0.03,69,46
2016-06-09 07,서울 강남구 ,강남구,111261,0.005,0.4,0.004,0.034,38,21
2016-06-09 08,서울 강남구 ,강남구,111261,0.005,0.5,0.004,0.037,48,31
2016-06-09 09,서울 강남구 ,강남구,111261,0.005,0.5,0.009,0.04,49,36
2016-06-09 10,서울 강남구 ,강남구,111261,0.005,0.5,0.015,0.043,52,30
2016-06-09 11,서울 강남구 ,강남구,111261,0.004,0.4,0.029,0.034,37,18
2016-06-09 12,서울 강남구 ,강남구,111261,0.004,0.4,0.036,0.036,42,22
2016-06-09 13,서울 강남구 ,강남구,111261,0.004,0.4,0.044,0.035,55,31
2016-06-09 14,서울 강남구 ,강남구,111261,0.005,0.4,0.052,0.03,46,26
2016-06-09 15,서울 강남구 ,강남구,111261,0.005,0.4,0.063,0.03,49,31
2016-06-09 16,서울 강남구 ,강남구,111261,0.005,0.4,0.071,0.03,51,33
2016-06-09 17,서울 강남구 ,강남구,111261,0.005,0.4,0.079,0.031,63,41
2016-06-09 18,서울 강남구 ,강남구,111261,0.005,0.3,0.062,0.024,82,41
2016-06-09 19,서울 강남구 ,강남구,111261,0.005,0.4,0.045,0.03,64,28
2016-06-09 20,서울 강남구 ,강남구,111261,0.005,0.4,0.032,0.037,63,31
2016-06-09 21,서울 강남구 ,강남구,111261,0.005,0.4,0.02,0.049,67,26
2016-06-09 22,서울 강남구 ,강남구,111261,0.005,0.5,0.006,0.063,61,37
2016-06-09 23,서울 강남구 ,강남구,111261,0.006,0.4,0.018,0.042,54,36
2016-06-09 24,서울 강남구 ,강남구,111261,0.005,0.4,0.015,0.038,54,27
2016-06-10 01,서울 강남구 ,강남구,111261,0.005,0.4,0.013,0.039,51,28
2016-06-10 02,서울 강남구 ,강남구,111261,0.006,0.5,0.008,0.045,53,33
2016-06-10 03,서울 강남구 ,강남구,111261,0.005,0.5,0.002,0.053,48,27
2016-06-10 04,서울 강남구 ,강남구,111261,0.005,0.5,0.002,0.053,47,30
2016-06-10 05,서울 강남구 ,강남구,111261,0.006,0.5,0.002,0.052,49,31
2016-06-10 06,서울 강남구 ,강남구,111261,0.005,0.5,0.002,0.047,55,37
2016-06-10 07,서울 강남구 ,강남구,111261,0.006,0.5,0.003,0.048,64,42
2016-06-10 08,서울 강남구 ,강남구,111261,0.006,0.5,0.006,0.048,73,51
2016-06-10 09,서울 강남구 ,강남구,111261,0.007,0.5,0.013,0.047,74,47
2016-06-10 10,서울 강남구 ,강남구,111261,0.005,0.4,0.034,0.033,58,33
2016-06-10 11,서울 강남구 ,강남구,111261,0.006,0.4,0.039,0.037,48,24
2016-06-10 12,서울 강남구 ,강남구,111261,0.006,0.4,0.044,0.044,57,37
2016-06-10 13,서울 강남구 ,강남구,111261,0.006,0.4,0.051,0.044,67,44
2016-06-10 14,서울 강남구 ,강남구,111261,0.006,0.4,0.073,0.033,68,40
2016-06-10 15,서울 강남구 ,강남구,111261,0.007,0.5,0.101,0.032,0,0
2016-06-10 16,서울 강남구 ,강남구,111261,0.009,0.5,0.099,0.035,0,0
2016-06-10 17,서울 강남구 ,강남구,111261,0.006,0.4,0.087,0.032,78,42
2016-06-10 18,서울 강남구 ,강남구,111261,0.007,0.4,0.05,0.037,60,33
2016-06-10 19,서울 강남구 ,강남구,111261,0.006,0.4,0.03,0.041,69,45
2016-06-10 20,서울 강남구 ,강남구,111261,0.005,0.4,0.028,0.038,61,44
2016-06-10 21,서울 강남구 ,강남구,111261,0.005,0.5,0.021,0.043,77,40
2016-06-10 22,서울 강남구 ,강남구,111261,0.005,0.5,0.02,0.035,98,68
2016-06-10 23,서울 강남구 ,강남구,111261,0.005,0.4,0.025,0.026,73,55
2016-06-10 24,서울 강남구 ,강남구,111261,0.005,0.4,0.026,0.024,42,29
2016-06-11 01,서울 강남구 ,강남구,111261,0.005,0.4,0.019,0.026,55,33
2016-06-11 02,서울 강남구 ,강남구,111261,0.005,0.4,0.019,0.023,57,35
2016-06-11 03,서울 강남구 ,강남구,111261,0.005,0.5,0.018,0.022,56,37
2016-06-11 04,서울 강남구 ,강남구,111261,0.006,0.4,0.019,0.019,55,35
2016-06-11 05,서울 강남구 ,강남구,111261,0.007,0.4,0.021,0.016,45,29
2016-06-11 06,서울 강남구 ,강남구,111261,0.005,0.4,0.031,0.01,32,24
2016-06-11 07,서울 강남구 ,강남구,111261,0.005,0.4,0.024,0.016,35,26
2016-06-11 08,서울 강남구 ,강남구,111261,0.006,0.4,0.02,0.02,44,28
2016-06-11 09,서울 강남구 ,강남구,111261,0.006,0.3,0.02,0.024,46,33
2016-06-11 10,서울 강남구 ,강남구,111261,0.007,0.4,0.023,0.024,44,24
2016-06-11 11,서울 강남구 ,강남구,111261,0.005,0.3,0.027,0.02,38,27
2016-06-11 12,서울 강남구 ,강남구,111261,0.005,0.3,0.025,0.024,39,26
2016-06-11 13,서울 강남구 ,강남구,111261,0.004,0.3,0.03,0.019,34,25
2016-06-11 14,서울 강남구 ,강남구,111261,0.004,0.3,0.032,0.021,47,27
2016-06-11 15,서울 강남구 ,강남구,111261,0.004,0.3,0.04,0.018,49,33
2016-06-11 16,서울 강남구 ,강남구,111261,0.004,0.4,0.028,0.024,74,47
2016-06-11 17,서울 강남구 ,강남구,111261,0.004,0.4,0.019,0.034,59,28
2016-06-11 18,서울 강남구 ,강남구,111261,0.004,0.3,0.021,0.023,64,39
2016-06-11 19,서울 강남구 ,강남구,111261,0.006,0.3,0.019,0.02,41,18
2016-06-11 20,서울 강남구 ,강남구,111261,0.006,0.3,0.016,0.019,47,29
2016-06-11 21,서울 강남구 ,강남구,111261,0.005,0.3,0.01,0.022,60,35
2016-06-11 22,서울 강남구 ,강남구,111261,0.005,0.3,0.007,0.022,48,34
2016-06-11 23,서울 강남구 ,강남구,111261,0.004,0.3,0.007,0.019,46,33
2016-06-11 24,서울 강남구 ,강남구,111261,0.005,0.2,0.013,0.011,42,28
2016-06-12 01,서울 강남구 ,강남구,111261,0.004,0.3,0.017,0.011,13,9
2016-06-12 02,서울 강남구 ,강남구,111261,0.005,0.2,0.021,0.006,19,15
2016-06-12 03,서울 강남구 ,강남구,111261,0.003,0.2,0.02,0.006,30,19
2016-06-12 04,서울 강남구 ,강남구,111261,0.004,0.2,0.022,0.004,25,19
2016-06-12 05,서울 강남구 ,강남구,111261,0.004,0.3,0.021,0.006,21,9
2016-06-12 06,서울 강남구 ,강남구,111261,0.005,0.3,0.017,0.009,28,21
2016-06-12 07,서울 강남구 ,강남구,111261,0.004,0.2,0.015,0.011,27,17
2016-06-12 08,서울 강남구 ,강남구,111261,0.004,0.2,0.013,0.014,21,14
2016-06-12 09,서울 강남구 ,강남구,111261,0.004,0.3,0.012,0.017,21,17
2016-06-12 10,서울 강남구 ,강남구,111261,0.005,0.3,0.015,0.016,21,16
2016-06-12 11,서울 강남구 ,강남구,111261,0.005,0.2,0.021,0.015,22,15
2016-06-12 12,서울 강남구 ,강남구,111261,0.004,0.2,0.026,0.014,22,20
2016-06-12 13,서울 강남구 ,강남구,111261,0.004,0.3,0.035,0.01,29,21
2016-06-12 14,서울 강남구 ,강남구,111261,0.004,0.3,0.032,0.014,36,24
2016-06-12 15,서울 강남구 ,강남구,111261,0.004,0.3,0.03,0.017,28,25
2016-06-12 16,서울 강남구 ,강남구,111261,0.004,0.3,0.034,0.012,31,25
2016-06-12 17,서울 강남구 ,강남구,111261,0.005,0.3,0.035,0.01,15,17
2016-06-12 18,서울 강남구 ,강남구,111261,0.005,0.3,0.029,0.013,23,18
2016-06-12 19,서울 강남구 ,강남구,111261,0.004,0.3,0.029,0.012,25,20
2016-06-12 20,서울 강남구 ,강남구,111261,0.004,0.3,0.024,0.016,24,15
2016-06-12 21,서울 강남구 ,강남구,111261,0.004,0.4,0.018,0.024,33,10
2016-06-12 22,서울 강남구 ,강남구,111261,0.006,0.5,0.016,0.029,47,33
2016-06-12 23,서울 강남구 ,강남구,111261,0.005,0.5,0.017,0.029,59,41
2016-06-12 24,서울 강남구 ,강남구,111261,0.004,0.5,0.023,0.022,67,45
2016-06-13 01,서울 강남구 ,강남구,111261,0.005,0.6,0.014,0.026,68,41
2016-06-13 02,서울 강남구 ,강남구,111261,0.004,0.5,0.017,0.02,62,40
2016-06-13 03,서울 강남구 ,강남구,111261,0.005,0.5,0.022,0.016,74,43
2016-06-13 04,서울 강남구 ,강남구,111261,0.004,0.5,0.024,0.014,67,37
2016-06-13 05,서울 강남구 ,강남구,111261,0.005,0.5,0.025,0.014,71,47
2016-06-13 06,서울 강남구 ,강남구,111261,0.004,0.5,0.023,0.014,69,36
2016-06-13 07,서울 강남구 ,강남구,111261,0.004,0.5,0.016,0.024,67,39
2016-06-13 08,서울 강남구 ,강남구,111261,0.005,0.6,0.011,0.033,71,42
2016-06-13 09,서울 강남구 ,강남구,111261,0.005,0.6,0.009,0.039,80,43
2016-06-13 10,서울 강남구 ,강남구,111261,0.005,0.6,0.012,0.037,88,49
2016-06-13 11,서울 강남구 ,강남구,111261,0.004,0.5,0.019,0.032,86,38
2016-06-13 12,서울 강남구 ,강남구,111261,0.005,0.5,0.028,0.028,87,29
2016-06-13 13,서울 강남구 ,강남구,111261,0.005,0.4,0.042,0.022,65,30
2016-06-13 14,서울 강남구 ,강남구,111261,0.003,0.4,0.057,0.021,0,0
2016-06-13 15,서울 강남구 ,강남구,111261,0.004,0.4,0.072,0.02,0,0
2016-06-13 16,서울 강남구 ,강남구,111261,0.004,0.4,0.072,0.021,52,30
2016-06-13 17,서울 강남구 ,강남구,111261,0.005,0.4,0.062,0.03,59,42
2016-06-13 18,서울 강남구 ,강남구,111261,0.005,0.4,0.053,0.027,58,41
2016-06-13 19,서울 강남구 ,강남구,111261,0.005,0.5,0.032,0.032,60,35
2016-06-13 20,서울 강남구 ,강남구,111261,0.005,0.5,0.03,0.031,64,39
2016-06-13 21,서울 강남구 ,강남구,111261,0.004,0.5,0.022,0.04,54,40
2016-06-13 22,서울 강남구 ,강남구,111261,0.005,0.5,0.011,0.05,61,42
2016-06-13 23,서울 강남구 ,강남구,111261,0.004,0.5,0.006,0.055,57,40
2016-06-13 24,서울 강남구 ,강남구,111261,0.005,0.6,0.004,0.056,55,36
2016-06-14 01,서울 강남구 ,강남구,111261,0.005,0.5,0.004,0.051,58,42
2016-06-14 02,서울 강남구 ,강남구,111261,0.006,0.6,0.002,0.049,53,35
2016-06-14 03,서울 강남구 ,강남구,111261,0.005,0.5,0.005,0.039,49,36
2016-06-14 04,서울 강남구 ,강남구,111261,0.005,0.4,0.009,0.03,47,33
2016-06-14 05,서울 강남구 ,강남구,111261,0.004,0.4,0.01,0.028,45,31
2016-06-14 06,서울 강남구 ,강남구,111261,0.006,0.4,0.015,0.026,48,31
2016-06-14 07,서울 강남구 ,강남구,111261,0.006,0.5,0.017,0.027,41,32
2016-06-14 08,서울 강남구 ,강남구,111261,0.006,0.5,0.014,0.038,48,29
2016-06-14 09,서울 강남구 ,강남구,111261,0.007,0.5,0.026,0.031,51,35
2016-06-14 10,서울 강남구 ,강남구,111261,0.006,0.5,0.034,0.028,37,21
2016-06-14 11,서울 강남구 ,강남구,111261,0.005,0.4,0.05,0.024,49,34
2016-06-14 12,서울 강남구 ,강남구,111261,0.005,0.4,0.058,0.029,47,37
2016-06-14 13,서울 강남구 ,강남구,111261,0.006,0.4,0.08,0.02,69,48
2016-06-14 14,서울 강남구 ,강남구,111261,0.006,0.4,0.093,0.02,72,55
2016-06-14 15,서울 강남구 ,강남구,111261,0.005,0.4,0.092,0.017,87,57
2016-06-14 16,서울 강남구 ,강남구,111261,0.005,0.4,0.079,0.024,88,45
2016-06-14 17,서울 강남구 ,강남구,111261,0.006,0.4,0.065,0.029,88,53
2016-06-14 18,서울 강남구 ,강남구,111261,0.006,0.4,0.048,0.032,56,32
2016-06-14 19,서울 강남구 ,강남구,111261,0.006,0.4,0.037,0.037,46,27
2016-06-14 20,서울 강남구 ,강남구,111261,0.005,0.4,0.026,0.041,44,26
2016-06-14 21,서울 강남구 ,강남구,111261,0.006,0.4,0.024,0.037,53,37
2016-06-14 22,서울 강남구 ,강남구,111261,0.005,0.4,0.028,0.028,47,35
2016-06-14 23,서울 강남구 ,강남구,111261,0.005,0.4,0.02,0.035,46,33
2016-06-14 24,서울 강남구 ,강남구,111261,0.005,0.4,0.018,0.042,38,27
2016-06-15 01,서울 강남구 ,강남구,111261,0.006,0.3,0.031,0.019,43,27
2016-06-15 02,서울 강남구 ,강남구,111261,0.005,0.3,0.034,0.012,51,38
2016-06-15 03,서울 강남구 ,강남구,111261,0.004,0.3,0.033,0.01,51,35
2016-06-15 04,서울 강남구 ,강남구,111261,0.004,0.3,0.034,0.009,44,33
2016-06-15 05,서울 강남구 ,강남구,111261,0.005,0.3,0.03,0.01,41,31
2016-06-15 06,서울 강남구 ,강남구,111261,0.004,0.3,0.019,0.017,51,34
2016-06-15 07,서울 강남구 ,강남구,111261,0.004,0.3,0.029,0.016,35,31
2016-06-15 08,서울 강남구 ,강남구,111261,0.004,0.3,0.019,0.032,14,10
2016-06-15 09,서울 강남구 ,강남구,111261,0.004,0.4,0.01,0.04,25,10
2016-06-15 10,서울 강남구 ,강남구,111261,0.004,0.3,0.016,0.031,16,14
2016-06-15 11,서울 강남구 ,강남구,111261,0.004,0.3,0.021,0.028,20,10
2016-06-15 12,서울 강남구 ,강남구,111261,0.004,0.3,0.03,0.026,23,19
2016-06-15 13,서울 강남구 ,강남구,111261,0.005,0.3,0.039,0.024,38,31
2016-06-15 14,서울 강남구 ,강남구,111261,0.005,0.3,0.034,0.027,59,43
2016-06-15 15,서울 강남구 ,강남구,111261,0.005,0.4,0.021,0.035,46,34
2016-06-15 16,서울 강남구 ,강남구,111261,0.004,0.4,0.016,0.034,28,23
2016-06-15 17,서울 강남구 ,강남구,111261,0.004,0.4,0.011,0.035,24,15
2016-06-15 18,서울 강남구 ,강남구,111261,0.004,0.3,0.012,0.029,27,17
2016-06-15 19,서울 강남구 ,강남구,111261,0.004,0.3,0.014,0.025,26,24
2016-06-15 20,서울 강남구 ,강남구,111261,0.004,0.3,0.024,0.019,32,21
2016-06-15 21,서울 강남구 ,강남구,111261,0.004,0.3,0.03,0.016,26,22
2016-06-15 22,서울 강남구 ,강남구,111261,0.004,0.3,0.031,0.015,35,28
2016-06-15 23,서울 강남구 ,강남구,111261,0.005,0.4,0.029,0.024,46,35
2016-06-15 24,서울 강남구 ,강남구,111261,0.005,0.3,0.044,0.016,39,22
2016-06-16 01,서울 강남구 ,강남구,111261,0.005,0.3,0.049,0.01,29,18
2016-06-16 02,서울 강남구 ,강남구,111261,0.004,0.3,0.05,0.008,22,20
2016-06-16 03,서울 강남구 ,강남구,111261,0.005,0.3,0.048,0.009,25,13
2016-06-16 04,서울 강남구 ,강남구,111261,0.004,0.3,0.045,0.008,24,19
2016-06-16 05,서울 강남구 ,강남구,111261,0.004,0.3,0.049,0.007,21,14
2016-06-16 06,서울 강남구 ,강남구,111261,0.005,0.3,0.045,0.009,23,17
2016-06-16 07,서울 강남구 ,강남구,111261,0.004,0.3,0.033,0.021,18,11
2016-06-16 08,서울 강남구 ,강남구,111261,0.005,0.3,0.026,0.027,10,4
2016-06-16 09,서울 강남구 ,강남구,111261,0.004,0.3,0.03,0.022,10,8
2016-06-16 10,서울 강남구 ,강남구,111261,0.005,0.3,0.029,0.021,13,3
2016-06-16 11,서울 강남구 ,강남구,111261,0.005,0.3,0.033,0.021,10,7
2016-06-16 12,서울 강남구 ,강남구,111261,0,0,0,0,17,7
2016-06-16 13,서울 강남구 ,강남구,111261,0,0,0,0,15,9
2016-06-16 14,서울 강남구 ,강남구,111261,0.004,0.3,0.042,0.018,13,9
2016-06-16 15,서울 강남구 ,강남구,111261,0.004,0.3,0.044,0.016,27,18
2016-06-16 16,서울 강남구 ,강남구,111261,0.004,0.4,0.046,0.017,30,21
2016-06-16 17,서울 강남구 ,강남구,111261,0.004,0.4,0.049,0.017,39,30
2016-06-16 18,서울 강남구 ,강남구,111261,0.004,0.4,0.05,0.018,43,31
2016-06-16 19,서울 강남구 ,강남구,111261,0.004,0.4,0.051,0.02,46,36
2016-06-16 20,서울 강남구 ,강남구,111261,0.004,0.4,0.052,0.017,50,37
2016-06-16 21,서울 강남구 ,강남구,111261,0.004,0.4,0.048,0.019,55,45
2016-06-16 22,서울 강남구 ,강남구,111261,0.005,0.5,0.045,0.019,64,51
2016-06-16 23,서울 강남구 ,강남구,111261,0.004,0.4,0.048,0.018,61,40
2016-06-16 24,서울 강남구 ,강남구,111261,0.005,0.5,0.059,0.011,48,40
2016-06-17 01,서울 강남구 ,강남구,111261,0.005,0.5,0.064,0.01,45,34
2016-06-17 02,서울 강남구 ,강남구,111261,0.005,0.5,0.065,0.009,49,41
2016-06-17 03,서울 강남구 ,강남구,111261,0.005,0.4,0.063,0.007,44,35
2016-06-17 04,서울 강남구 ,강남구,111261,0.005,0.4,0.053,0.009,41,32
2016-06-17 05,서울 강남구 ,강남구,111261,0.005,0.4,0.051,0.009,47,36
2016-06-17 06,서울 강남구 ,강남구,111261,0.005,0.4,0.043,0.014,45,37
2016-06-17 07,서울 강남구 ,강남구,111261,0.004,0.4,0.038,0.021,39,34
2016-06-17 08,서울 강남구 ,강남구,111261,0.005,0.4,0.035,0.024,45,38
2016-06-17 09,서울 강남구 ,강남구,111261,0.005,0.5,0.03,0.031,46,33
2016-06-17 10,서울 강남구 ,강남구,111261,0.005,0.5,0.033,0.031,36,30
2016-06-17 11,서울 강남구 ,강남구,111261,0.005,0.5,0.041,0.028,39,36
2016-06-17 12,서울 강남구 ,강남구,111261,0.005,0.4,0.054,0.026,37,27
2016-06-17 13,서울 강남구 ,강남구,111261,0.005,0.4,0.067,0,39,25
2016-06-17 14,서울 강남구 ,강남구,111261,0,0,0,0,45,31
2016-06-17 15,서울 강남구 ,강남구,111261,0,0,0,0.022,47,43
2016-06-17 16,서울 강남구 ,강남구,111261,0.005,0.4,0.08,0.021,61,45
2016-06-17 17,서울 강남구 ,강남구,111261,0.005,0.4,0.071,0.025,55,32
2016-06-17 18,서울 강남구 ,강남구,111261,0.006,0.4,0.06,0.033,81,41
2016-06-17 19,서울 강남구 ,강남구,111261,0.006,0.4,0.058,0.027,69,42
2016-06-17 20,서울 강남구 ,강남구,111261,0.005,0.4,0.053,0.026,61,41
2016-06-17 21,서울 강남구 ,강남구,111261,0.005,0.5,0.049,0.026,65,40
2016-06-17 22,서울 강남구 ,강남구,111261,0.006,0.6,0.044,0.028,84,63
2016-06-17 23,서울 강남구 ,강남구,111261,0.005,0.6,0.04,0.03,82,63
2016-06-17 24,서울 강남구 ,강남구,111261,0.006,0.6,0.035,0.03,80,64
2016-06-18 01,서울 강남구 ,강남구,111261,0.006,0.6,0.043,0.022,74,51
2016-06-18 02,서울 강남구 ,강남구,111261,0.007,0.7,0.046,0.019,80,61
2016-06-18 03,서울 강남구 ,강남구,111261,0.005,0.6,0.02,0.037,78,60
2016-06-18 04,서울 강남구 ,강남구,111261,0.005,0.6,0.033,0.023,83,62
2016-06-18 05,서울 강남구 ,강남구,111261,0.006,0.6,0.033,0.026,92,75
2016-06-18 06,서울 강남구 ,강남구,111261,0.005,0.6,0.013,0.034,79,55
2016-06-18 07,서울 강남구 ,강남구,111261,0.006,0.6,0.007,0.041,57,42
2016-06-18 08,서울 강남구 ,강남구,111261,0.006,0.6,0.006,0.048,62,47
2016-06-18 09,서울 강남구 ,강남구,111261,0.005,0.5,0.025,0.039,56,42
2016-06-18 10,서울 강남구 ,강남구,111261,0.006,0.4,0.049,0.023,36,18
2016-06-18 11,서울 강남구 ,강남구,111261,0.006,0.4,0.064,0.019,73,32
2016-06-18 12,서울 강남구 ,강남구,111261,0.005,0.3,0.075,0.014,44,18
2016-06-18 13,서울 강남구 ,강남구,111261,0.005,0.4,0.082,0.02,49,32
2016-06-18 14,서울 강남구 ,강남구,111261,0.005,0.4,0.089,0.025,89,64
2016-06-18 15,서울 강남구 ,강남구,111261,0.005,0.4,0.091,0.02,57,47
2016-06-18 16,서울 강남구 ,강남구,111261,0.005,0.4,0.096,0.021,64,41
2016-06-18 17,서울 강남구 ,강남구,111261,0.005,0.4,0.08,0.021,70,65
2016-06-18 18,서울 강남구 ,강남구,111261,0.005,0.4,0.063,0.029,61,54
2016-06-18 19,서울 강남구 ,강남구,111261,0.006,0.5,0.055,0.033,63,53
2016-06-18 20,서울 강남구 ,강남구,111261,0.005,0.4,0.047,0.036,56,51
2016-06-18 21,서울 강남구 ,강남구,111261,0.005,0.4,0.037,0.036,62,51
2016-06-18 22,서울 강남구 ,강남구,111261,0.005,0.5,0.035,0.033,65,51
2016-06-18 23,서울 강남구 ,강남구,111261,0.006,0.5,0.029,0.035,66,53
2016-06-18 24,서울 강남구 ,강남구,111261,0.005,0.5,0.02,0.04,67,50
2016-06-19 01,서울 강남구 ,강남구,111261,0.005,0.6,0.002,0.061,59,44
2016-06-19 02,서울 강남구 ,강남구,111261,0.005,0.6,0.004,0.054,64,47
2016-06-19 03,서울 강남구 ,강남구,111261,0.004,0.6,0.004,0.052,61,42
2016-06-19 04,서울 강남구 ,강남구,111261,0.005,0.5,0.016,0.03,52,40
2016-06-19 05,서울 강남구 ,강남구,111261,0.004,0.5,0.017,0.025,53,38
2016-06-19 06,서울 강남구 ,강남구,111261,0.005,0.4,0.022,0.024,49,35
2016-06-19 07,서울 강남구 ,강남구,111261,0.004,0.5,0.015,0.031,48,38
2016-06-19 08,서울 강남구 ,강남구,111261,0.005,0.5,0.014,0.033,63,49
2016-06-19 09,서울 강남구 ,강남구,111261,0.005,0.5,0.017,0.036,45,31
2016-06-19 10,서울 강남구 ,강남구,111261,0.005,0.5,0.023,0.034,59,44
2016-06-19 11,서울 강남구 ,강남구,111261,0.005,0.4,0.04,0.019,41,32
2016-06-19 12,서울 강남구 ,강남구,111261,0.004,0.3,0.047,0.014,23,19
2016-06-19 13,서울 강남구 ,강남구,111261,0.004,0.3,0.056,0.012,23,10
2016-06-19 14,서울 강남구 ,강남구,111261,0.004,0.3,0.065,0.015,23,25
2016-06-19 15,서울 강남구 ,강남구,111261,0.005,0.4,0.07,0.016,35,28
2016-06-19 16,서울 강남구 ,강남구,111261,0.005,0.3,0.057,0.02,36,28
2016-06-19 17,서울 강남구 ,강남구,111261,0.004,0.3,0.058,0.011,22,15
2016-06-19 18,서울 강남구 ,강남구,111261,0.005,0.3,0.052,0.014,29,13
2016-06-19 19,서울 강남구 ,강남구,111261,0.004,0.3,0.043,0.019,35,24
2016-06-19 20,서울 강남구 ,강남구,111261,0.006,0.3,0.039,0.019,39,30
2016-06-19 21,서울 강남구 ,강남구,111261,0.005,0.3,0.032,0.022,39,21
2016-06-19 22,서울 강남구 ,강남구,111261,0.003,0.4,0.023,0.028,40,31
2016-06-19 23,서울 강남구 ,강남구,111261,0.005,0.4,0.018,0.033,38,27
2016-06-19 24,서울 강남구 ,강남구,111261,0.004,0.4,0.02,0.028,34,26
2016-06-20 01,서울 강남구 ,강남구,111261,0.005,0.4,0.017,0.027,35,24
2016-06-20 02,서울 강남구 ,강남구,111261,0.006,0.4,0.026,0.019,48,40
2016-06-20 03,서울 강남구 ,강남구,111261,0.005,0.3,0.03,0.012,37,23
2016-06-20 04,서울 강남구 ,강남구,111261,0.005,0.3,0.027,0.014,37,32
2016-06-20 05,서울 강남구 ,강남구,111261,0.004,0.3,0.029,0.013,42,30
2016-06-20 06,서울 강남구 ,강남구,111261,0.005,0.3,0.013,0.023,34,29
2016-06-20 07,서울 강남구 ,강남구,111261,0.005,0.3,0.011,0.027,34,20
2016-06-20 08,서울 강남구 ,강남구,111261,0.005,0.4,0.013,0.026,30,27
2016-06-20 09,서울 강남구 ,강남구,111261,0.005,0.4,0.016,0.028,37,31
2016-06-20 10,서울 강남구 ,강남구,111261,0.005,0.4,0.018,0.035,42,28
2016-06-20 11,서울 강남구 ,강남구,111261,0.005,0.4,0.018,0.038,45,37
2016-06-20 12,서울 강남구 ,강남구,111261,0.005,0.4,0.022,0.04,51,35
2016-06-20 13,서울 강남구 ,강남구,111261,0.005,0.4,0.038,0.038,60,43
2016-06-20 14,서울 강남구 ,강남구,111261,0.004,0.4,0.056,0.039,62,50
2016-06-20 15,서울 강남구 ,강남구,111261,0.005,0.4,0.075,0.035,68,56
2016-06-20 16,서울 강남구 ,강남구,111261,0.005,0.4,0.079,0.034,63,47
2016-06-20 17,서울 강남구 ,강남구,111261,0.006,0.5,0.08,0.041,66,47
2016-06-20 18,서울 강남구 ,강남구,111261,0.005,0.5,0.07,0.054,79,58
2016-06-20 19,서울 강남구 ,강남구,111261,0.005,0.4,0.061,0.045,83,52
2016-06-20 20,서울 강남구 ,강남구,111261,0.005,0.4,0.059,0.034,53,29
2016-06-20 21,서울 강남구 ,강남구,111261,0.004,0.5,0.057,0.045,54,44
2016-06-20 22,서울 강남구 ,강남구,111261,0.004,0.5,0.049,0.041,82,0
2016-06-20 23,서울 강남구 ,강남구,111261,0.005,0.4,0.033,0.039,63,41
2016-06-20 24,서울 강남구 ,강남구,111261,0.004,0.5,0.016,0.053,58,41
2016-06-21 01,서울 강남구 ,강남구,111261,0.004,0.5,0.016,0.046,56,41
2016-06-21 02,서울 강남구 ,강남구,111261,0.004,0.4,0.021,0.032,52,39
2016-06-21 03,서울 강남구 ,강남구,111261,0.004,0.4,0.021,0.028,48,38
2016-06-21 04,서울 강남구 ,강남구,111261,0.004,0.4,0.023,0.024,47,32
2016-06-21 05,서울 강남구 ,강남구,111261,0.005,0.4,0.026,0.022,46,33
2016-06-21 06,서울 강남구 ,강남구,111261,0.004,0.4,0.014,0.029,47,39
2016-06-21 07,서울 강남구 ,강남구,111261,0.005,0.4,0.013,0.033,46,32
2016-06-21 08,서울 강남구 ,강남구,111261,0.005,0.4,0.012,0.041,38,29
2016-06-21 09,서울 강남구 ,강남구,111261,0.005,0.5,0.013,0.049,53,41
2016-06-21 10,서울 강남구 ,강남구,111261,0.005,0.5,0.028,0.04,45,32
2016-06-21 11,서울 강남구 ,강남구,111261,0.004,0.4,0.044,0.028,31,27
2016-06-21 12,서울 강남구 ,강남구,111261,0.005,0.4,0.046,0.036,38,34
2016-06-21 13,서울 강남구 ,강남구,111261,0.005,0.4,0.063,0.03,52,32
2016-06-21 14,서울 강남구 ,강남구,111261,0.004,0.4,0.067,0.029,40,32
2016-06-21 15,서울 강남구 ,강남구,111261,0.005,0.5,0.105,0.038,72,62
2016-06-21 16,서울 강남구 ,강남구,111261,0.007,0.5,0.115,0.039,0,0
2016-06-21 17,서울 강남구 ,강남구,111261,0.006,0.6,0.093,0.039,0,0
2016-06-21 18,서울 강남구 ,강남구,111261,0.006,0.5,0.074,0.047,68,31
2016-06-21 19,서울 강남구 ,강남구,111261,0.007,0.5,0.069,0.051,68,46
2016-06-21 20,서울 강남구 ,강남구,111261,0.006,0.6,0.056,0.064,81,77
2016-06-21 21,서울 강남구 ,강남구,111261,0.006,0.6,0.056,0.058,97,89
2016-06-21 22,서울 강남구 ,강남구,111261,0.006,0.7,0.033,0.068,111,81
2016-06-21 23,서울 강남구 ,강남구,111261,0.007,0.7,0.017,0.084,101,75
2016-06-21 24,서울 강남구 ,강남구,111261,0.007,0.7,0.012,0.081,79,56
2016-06-22 01,서울 강남구 ,강남구,111261,0.006,0.7,0.004,0.091,83,62
2016-06-22 02,서울 강남구 ,강남구,111261,0.007,0.8,0.002,0.087,79,61
2016-06-22 03,서울 강남구 ,강남구,111261,0.005,0.7,0.004,0.078,86,65
2016-06-22 04,서울 강남구 ,강남구,111261,0.007,0.6,0.007,0.056,87,69
2016-06-22 05,서울 강남구 ,강남구,111261,0.008,0.5,0.024,0.035,73,52
2016-06-22 06,서울 강남구 ,강남구,111261,0.006,0.6,0.009,0.056,83,62
2016-06-22 07,서울 강남구 ,강남구,111261,0.005,0.7,0.005,0.062,89,68
2016-06-22 08,서울 강남구 ,강남구,111261,0.005,0.6,0.012,0.057,110,59
2016-06-22 09,서울 강남구 ,강남구,111261,0.006,0.6,0.038,0.039,125,65
2016-06-22 10,서울 강남구 ,강남구,111261,0.005,0.6,0.045,0.039,106,61
2016-06-22 11,서울 강남구 ,강남구,111261,0.005,0.5,0.045,0.045,95,63
2016-06-22 12,서울 강남구 ,강남구,111261,0.005,0.5,0.059,0.036,65,61
2016-06-22 13,서울 강남구 ,강남구,111261,0.005,0.4,0.075,0.031,56,0
2016-06-22 14,서울 강남구 ,강남구,111261,0.005,0.5,0.077,0.037,66,0
2016-06-22 15,서울 강남구 ,강남구,111261,0.005,0.5,0.058,0.042,120,98
2016-06-22 16,서울 강남구 ,강남구,111261,0.004,0.4,0.041,0.035,36,25
2016-06-22 17,서울 강남구 ,강남구,111261,0.004,0.5,0.019,0.04,50,40
2016-06-22 18,서울 강남구 ,강남구,111261,0.005,0.5,0.017,0.039,51,39
2016-06-22 19,서울 강남구 ,강남구,111261,0.004,0.4,0.024,0.034,26,23
2016-06-22 20,서울 강남구 ,강남구,111261,0.004,0.3,0.026,0.027,8,11
2016-06-22 21,서울 강남구 ,강남구,111261,0.004,0.4,0.023,0.028,18,0
2016-06-22 22,서울 강남구 ,강남구,111261,0.003,0.3,0.029,0.018,20,0
2016-06-22 23,서울 강남구 ,강남구,111261,0.004,0.4,0.02,0.026,19,9
2016-06-22 24,서울 강남구 ,강남구,111261,0.004,0.4,0.02,0.025,15,13
2016-06-23 01,서울 강남구 ,강남구,111261,0.005,0.3,0.02,0.021,17,8
2016-06-23 02,서울 강남구 ,강남구,111261,0.005,0.3,0.023,0.015,11,8
2016-06-23 03,서울 강남구 ,강남구,111261,0.004,0.3,0.022,0.013,14,9
2016-06-23 04,서울 강남구 ,강남구,111261,0.005,0.3,0.025,0.009,11,7
2016-06-23 05,서울 강남구 ,강남구,111261,0.004,0.3,0.018,0.013,15,9
2016-06-23 06,서울 강남구 ,강남구,111261,0.004,0.3,0.012,0.019,16,5
2016-06-23 07,서울 강남구 ,강남구,111261,0.004,0.3,0.005,0.027,18,9
2016-06-23 08,서울 강남구 ,강남구,111261,0.005,0.4,0.005,0.03,21,13
2016-06-23 09,서울 강남구 ,강남구,111261,0.005,0.4,0.006,0.032,28,12
2016-06-23 10,서울 강남구 ,강남구,111261,0.004,0.5,0.009,0.032,27,16
2016-06-23 11,서울 강남구 ,강남구,111261,0.004,0.4,0.017,0.03,30,19
2016-06-23 12,서울 강남구 ,강남구,111261,0.005,0.4,0.016,0.039,37,23
2016-06-23 13,서울 강남구 ,강남구,111261,0.005,0.4,0.026,0.038,35,24
2016-06-23 14,서울 강남구 ,강남구,111261,0.004,0.4,0.057,0.028,40,31
2016-06-23 15,서울 강남구 ,강남구,111261,0.005,0.4,0.087,0.028,56,48
2016-06-23 16,서울 강남구 ,강남구,111261,0.005,0.4,0.096,0.03,67,51
2016-06-23 17,서울 강남구 ,강남구,111261,0.005,0.4,0.064,0.038,69,55
2016-06-23 18,서울 강남구 ,강남구,111261,0.005,0.4,0.059,0.038,81,64
2016-06-23 19,서울 강남구 ,강남구,111261,0.005,0.4,0.054,0.036,83,66
2016-06-23 20,서울 강남구 ,강남구,111261,0.005,0.5,0.05,0.041,75,64
2016-06-23 21,서울 강남구 ,강남구,111261,0.005,0.5,0.036,0.043,87,76
2016-06-23 22,서울 강남구 ,강남구,111261,0.005,0.5,0.031,0.042,106,91
2016-06-23 23,서울 강남구 ,강남구,111261,0.004,0.6,0.018,0.049,147,118
2016-06-23 24,서울 강남구 ,강남구,111261,0.005,0.6,0.011,0.051,137,110
2016-06-24 01,서울 강남구 ,강남구,111261,0.004,0.6,0.009,0.048,132,108
2016-06-24 02,서울 강남구 ,강남구,111261,0.004,0.6,0.008,0.043,119,94
2016-06-24 03,서울 강남구 ,강남구,111261,0.005,0.6,0.013,0.034,106,81
2016-06-24 04,서울 강남구 ,강남구,111261,0.005,0.5,0.021,0.024,96,62
2016-06-24 05,서울 강남구 ,강남구,111261,0.005,0.4,0.037,0.014,55,32
2016-06-24 06,서울 강남구 ,강남구,111261,0.005,0.4,0.023,0.025,24,19
2016-06-24 07,서울 강남구 ,강남구,111261,0.005,0.4,0.014,0.031,0,0
2016-06-24 08,서울 강남구 ,강남구,111261,0.004,0.3,0.015,0.034,0,0
2016-06-24 09,서울 강남구 ,강남구,111261,0.004,0.3,0.019,0.032,0,0
2016-06-24 10,서울 강남구 ,강남구,111261,0.004,0.3,0.021,0.032,0,0
2016-06-24 11,서울 강남구 ,강남구,111261,0.004,0.3,0.028,0.028,0,0
2016-06-24 12,서울 강남구 ,강남구,111261,0.004,0.3,0.028,0.027,0,0
2016-06-24 13,서울 강남구 ,강남구,111261,0.004,0.3,0.033,0.025,0,0
2016-06-24 14,서울 강남구 ,강남구,111261,0.004,0.4,0.032,0.034,29,20
2016-06-24 15,서울 강남구 ,강남구,111261,0.004,0.4,0.033,0.034,39,19
2016-06-24 16,서울 강남구 ,강남구,111261,0.005,0.3,0.045,0.025,36,25
2016-06-24 17,서울 강남구 ,강남구,111261,0.004,0.3,0.037,0.028,34,23
2016-06-24 18,서울 강남구 ,강남구,111261,0.004,0.3,0.038,0.025,25,8
2016-06-24 19,서울 강남구 ,강남구,111261,0.003,0.3,0.033,0.032,28,15
2016-06-24 20,서울 강남구 ,강남구,111261,0.004,0.3,0.033,0.029,27,11
2016-06-24 21,서울 강남구 ,강남구,111261,0.005,0.3,0.034,0.025,20,19
2016-06-24 22,서울 강남구 ,강남구,111261,0.005,0.3,0.034,0.023,21,14
2016-06-24 23,서울 강남구 ,강남구,111261,0.004,0.3,0.031,0.025,23,12
2016-06-24 24,서울 강남구 ,강남구,111261,0.005,0.3,0.024,0.028,28,18
2016-06-25 01,서울 강남구 ,강남구,111261,0.004,0.4,0.025,0.027,28,18
2016-06-25 02,서울 강남구 ,강남구,111261,0.005,0.3,0.029,0.022,29,18
2016-06-25 03,서울 강남구 ,강남구,111261,0.005,0.3,0.036,0.014,35,24
2016-06-25 04,서울 강남구 ,강남구,111261,0.005,0.3,0.038,0.01,37,18
2016-06-25 05,서울 강남구 ,강남구,111261,0.005,0.3,0.04,0.012,33,22
2016-06-25 06,서울 강남구 ,강남구,111261,0.005,0.3,0.039,0.014,37,22
2016-06-25 07,서울 강남구 ,강남구,111261,0.004,0.3,0.031,0.023,37,19
2016-06-25 08,서울 강남구 ,강남구,111261,0.005,0.3,0.027,0.027,30,17
2016-06-25 09,서울 강남구 ,강남구,111261,0.006,0.3,0.026,0.028,26,20
2016-06-25 10,서울 강남구 ,강남구,111261,0.005,0.3,0.031,0.023,23,9
2016-06-25 11,서울 강남구 ,강남구,111261,0.005,0.3,0.04,0.019,29,11
2016-06-25 12,서울 강남구 ,강남구,111261,0.005,0.3,0.042,0.017,29,11
2016-06-25 13,서울 강남구 ,강남구,111261,0.005,0.2,0.047,0.014,26,15
2016-06-25 14,서울 강남구 ,강남구,111261,0.005,0.2,0.048,0.013,21,11
2016-06-25 15,서울 강남구 ,강남구,111261,0.005,0.2,0.048,0.017,25,11
2016-06-25 16,서울 강남구 ,강남구,111261,0.004,0.3,0.053,0.018,39,22
2016-06-25 17,서울 강남구 ,강남구,111261,0.006,0.3,0.054,0.017,35,21
2016-06-25 18,서울 강남구 ,강남구,111261,0.005,0.3,0.057,0.015,36,15
2016-06-25 19,서울 강남구 ,강남구,111261,0.005,0.3,0.052,0.018,46,29
2016-06-25 20,서울 강남구 ,강남구,111261,0.005,0.3,0.046,0.02,50,22
2016-06-25 21,서울 강남구 ,강남구,111261,0.005,0.3,0.04,0.021,39,25
2016-06-25 22,서울 강남구 ,강남구,111261,0.006,0.3,0.031,0.026,49,28
2016-06-25 23,서울 강남구 ,강남구,111261,0.005,0.4,0.026,0.029,46,26
2016-06-25 24,서울 강남구 ,강남구,111261,0.004,0.4,0.023,0.029,43,28
2016-06-26 01,서울 강남구 ,강남구,111261,0.005,0.4,0.02,0.03,49,26
2016-06-26 02,서울 강남구 ,강남구,111261,0.005,0.4,0.022,0.025,43,28
2016-06-26 03,서울 강남구 ,강남구,111261,0.005,0.4,0.025,0.02,39,24
2016-06-26 04,서울 강남구 ,강남구,111261,0.006,0.4,0.024,0.017,45,29
2016-06-26 05,서울 강남구 ,강남구,111261,0.005,0.3,0.024,0.015,36,25
2016-06-26 06,서울 강남구 ,강남구,111261,0.005,0.3,0.023,0.014,43,22
2016-06-26 07,서울 강남구 ,강남구,111261,0.005,0.3,0.022,0.017,33,27
2016-06-26 08,서울 강남구 ,강남구,111261,0.005,0.3,0.03,0.019,35,20
2016-06-26 09,서울 강남구 ,강남구,111261,0.006,0.3,0.038,0.019,36,23
2016-06-26 10,서울 강남구 ,강남구,111261,0.006,0.3,0.037,0.02,32,22
2016-06-26 11,서울 강남구 ,강남구,111261,0.004,0.2,0.046,0.013,16,8
2016-06-26 12,서울 강남구 ,강남구,111261,0.004,0.2,0.052,0.009,18,12
2016-06-26 13,서울 강남구 ,강남구,111261,0.004,0.2,0.056,0.011,15,3
2016-06-26 14,서울 강남구 ,강남구,111261,0.004,0.2,0.06,0.01,12,10
2016-06-26 15,서울 강남구 ,강남구,111261,0.004,0.2,0.061,0.012,22,16
2016-06-26 16,서울 강남구 ,강남구,111261,0.005,0.2,0.058,0.013,30,20
2016-06-26 17,서울 강남구 ,강남구,111261,0.004,0.3,0.054,0.016,34,13
2016-06-26 18,서울 강남구 ,강남구,111261,0.005,0.3,0.051,0.019,31,21
2016-06-26 19,서울 강남구 ,강남구,111261,0.005,0.3,0.05,0.021,38,22
2016-06-26 20,서울 강남구 ,강남구,111261,0.006,0.3,0.048,0.021,42,24
2016-06-26 21,서울 강남구 ,강남구,111261,0.004,0.3,0.047,0.019,35,38
2016-06-26 22,서울 강남구 ,강남구,111261,0.005,0.3,0.044,0.02,35,24
2016-06-26 23,서울 강남구 ,강남구,111261,0.005,0.3,0.048,0.015,30,23
2016-06-26 24,서울 강남구 ,강남구,111261,0.005,0.3,0.048,0.014,30,23
2016-06-27 01,서울 강남구 ,강남구,111261,0.005,0.2,0.051,0.011,28,18
2016-06-27 02,서울 강남구 ,강남구,111261,0.004,0.3,0.038,0.016,32,22
2016-06-27 03,서울 강남구 ,강남구,111261,0.005,0.3,0.037,0.016,30,24
2016-06-27 04,서울 강남구 ,강남구,111261,0.004,0.3,0.039,0.013,26,14
2016-06-27 05,서울 강남구 ,강남구,111261,0.005,0.3,0.022,0.026,27,25
2016-06-27 06,서울 강남구 ,강남구,111261,0.005,0.3,0.014,0.03,32,21
2016-06-27 07,서울 강남구 ,강남구,111261,0.004,0.4,0.005,0.041,29,18
2016-06-27 08,서울 강남구 ,강남구,111261,0.004,0.4,0.013,0.037,30,23
2016-06-27 09,서울 강남구 ,강남구,111261,0.006,0.5,0.007,0.047,36,23
2016-06-27 10,서울 강남구 ,강남구,111261,0.006,0.5,0.007,0.051,36,18
2016-06-27 11,서울 강남구 ,강남구,111261,0.007,0.5,0.014,0.049,36,21
2016-06-27 12,서울 강남구 ,강남구,111261,0.006,0.4,0.025,0.039,37,17
2016-06-27 13,서울 강남구 ,강남구,111261,0.006,0.5,0.025,0.045,28,23
2016-06-27 14,서울 강남구 ,강남구,111261,0.007,0.5,0.033,0.039,34,19
2016-06-27 15,서울 강남구 ,강남구,111261,0.008,0.5,0.035,0.041,27,17
2016-06-27 16,서울 강남구 ,강남구,111261,0.007,0.5,0.033,0.045,28,20
2016-06-27 17,서울 강남구 ,강남구,111261,0.006,0.4,0.045,0.037,40,25
2016-06-27 18,서울 강남구 ,강남구,111261,0.005,0.3,0.059,0.04,37,22
2016-06-27 19,서울 강남구 ,강남구,111261,0.008,0.4,0.041,0.051,54,31
2016-06-27 20,서울 강남구 ,강남구,111261,0.008,0.4,0.028,0.052,45,26
2016-06-27 21,서울 강남구 ,강남구,111261,0.007,0.4,0.041,0.045,46,15
2016-06-27 22,서울 강남구 ,강남구,111261,0.006,0.3,0.035,0.036,49,35
2016-06-27 23,서울 강남구 ,강남구,111261,0.005,0.3,0.035,0.032,43,28
2016-06-27 24,서울 강남구 ,강남구,111261,0.005,0.3,0.039,0.026,50,36
2016-06-28 01,서울 강남구 ,강남구,111261,0.005,0.3,0.04,0.02,50,37
2016-06-28 02,서울 강남구 ,강남구,111261,0.005,0.4,0.033,0.021,47,31
2016-06-28 03,서울 강남구 ,강남구,111261,0.005,0.4,0.028,0.019,57,42
2016-06-28 04,서울 강남구 ,강남구,111261,0.006,0.4,0.026,0.017,70,49
2016-06-28 05,서울 강남구 ,강남구,111261,0.005,0.4,0.03,0.013,71,54
2016-06-28 06,서울 강남구 ,강남구,111261,0.005,0.4,0.025,0.016,50,37
2016-06-28 07,서울 강남구 ,강남구,111261,0.006,0.4,0.013,0.028,51,42
2016-06-28 08,서울 강남구 ,강남구,111261,0.005,0.4,0.012,0.032,49,36
2016-06-28 09,서울 강남구 ,강남구,111261,0.006,0.5,0.01,0.04,55,42
2016-06-28 10,서울 강남구 ,강남구,111261,0.005,0.5,0.013,0.042,59,41
2016-06-28 11,서울 강남구 ,강남구,111261,0.005,0.4,0.024,0.04,40,28
2016-06-28 12,서울 강남구 ,강남구,111261,0.005,0.4,0.037,0.035,38,28
2016-06-28 13,서울 강남구 ,강남구,111261,0.005,0.4,0.05,0.031,47,36
2016-06-28 14,서울 강남구 ,강남구,111261,0.005,0.4,0.061,0.033,67,49
2016-06-28 15,서울 강남구 ,강남구,111261,0.005,0.4,0.063,0.039,69,53
2016-06-28 16,서울 강남구 ,강남구,111261,0.006,0.4,0.075,0.038,86,51
2016-06-28 17,서울 강남구 ,강남구,111261,0.005,0.4,0.088,0.039,110,66
2016-06-28 18,서울 강남구 ,강남구,111261,0.006,0.4,0.09,0.035,99,65
2016-06-28 19,서울 강남구 ,강남구,111261,0.007,0.4,0.063,0.037,72,49
2016-06-28 20,서울 강남구 ,강남구,111261,0.006,0.4,0.043,0.033,40,36
2016-06-28 21,서울 강남구 ,강남구,111261,0.007,0.4,0.026,0.043,42,34
2016-06-28 22,서울 강남구 ,강남구,111261,0.006,0.4,0.01,0.06,43,29
2016-06-28 23,서울 강남구 ,강남구,111261,0.006,0.5,0.009,0.058,56,38
2016-06-28 24,서울 강남구 ,강남구,111261,0.006,0.4,0.009,0.052,57,41
2016-06-29 01,서울 강남구 ,강남구,111261,0.006,0.3,0.019,0.038,40,30
2016-06-29 02,서울 강남구 ,강남구,111261,0.007,0.4,0.015,0.041,35,23
2016-06-29 03,서울 강남구 ,강남구,111261,0.008,0.4,0.022,0.031,45,31
2016-06-29 04,서울 강남구 ,강남구,111261,0.006,0.4,0.015,0.036,30,29
2016-06-29 05,서울 강남구 ,강남구,111261,0.007,0.4,0.011,0.038,44,28
2016-06-29 06,서울 강남구 ,강남구,111261,0.006,0.4,0.003,0.047,43,32
2016-06-29 07,서울 강남구 ,강남구,111261,0.006,0.5,0.004,0.049,43,34
2016-06-29 08,서울 강남구 ,강남구,111261,0.006,0.5,0.007,0.049,49,40
2016-06-29 09,서울 강남구 ,강남구,111261,0.006,0.3,0.032,0.026,36,20
2016-06-29 10,서울 강남구 ,강남구,111261,0.005,0.3,0.033,0.029,20,10
2016-06-29 11,서울 강남구 ,강남구,111261,0.005,0.3,0.038,0.027,19,16
2016-06-29 12,서울 강남구 ,강남구,111261,0.005,0.3,0.042,0.027,25,13
2016-06-29 13,서울 강남구 ,강남구,111261,0.004,0.3,0.057,0.022,25,17
2016-06-29 14,서울 강남구 ,강남구,111261,0.004,0.3,0.067,0.016,21,16
2016-06-29 15,서울 강남구 ,강남구,111261,0.004,0.3,0.072,0.017,26,18
2016-06-29 16,서울 강남구 ,강남구,111261,0.004,0.3,0.076,0.021,40,27
2016-06-29 17,서울 강남구 ,강남구,111261,0.005,0.3,0.062,0.027,51,40
2016-06-29 18,서울 강남구 ,강남구,111261,0.005,0.3,0.059,0.025,60,39
2016-06-29 19,서울 강남구 ,강남구,111261,0.005,0.3,0.055,0.027,51,36
2016-06-29 20,서울 강남구 ,강남구,111261,0.006,0.4,0.048,0.032,67,50
2016-06-29 21,서울 강남구 ,강남구,111261,0.005,0.3,0.041,0.02,46,38
2016-06-29 22,서울 강남구 ,강남구,111261,0.005,0.4,0.031,0.02,39,29
2016-06-29 23,서울 강남구 ,강남구,111261,0.005,0.4,0.027,0.019,35,23
2016-06-29 24,서울 강남구 ,강남구,111261,0.005,0.4,0.028,0.018,33,28
2016-06-30 01,서울 강남구 ,강남구,111261,0.005,0.3,0.038,0.01,28,24
2016-06-30 02,서울 강남구 ,강남구,111261,0.004,0.3,0.041,0.007,21,14
2016-06-30 03,서울 강남구 ,강남구,111261,0.004,0.3,0.036,0.009,24,20
2016-06-30 04,서울 강남구 ,강남구,111261,0.004,0.3,0.032,0.01,39,26
2016-06-30 05,서울 강남구 ,강남구,111261,0.005,0.3,0.028,0.012,33,25
2016-06-30 06,서울 강남구 ,강남구,111261,0.004,0.3,0.023,0.014,39,27
2016-06-30 07,서울 강남구 ,강남구,111261,0.005,0.3,0.017,0.018,27,19
2016-06-30 08,서울 강남구 ,강남구,111261,0.004,0.4,0.013,0.028,28,19
2016-06-30 09,서울 강남구 ,강남구,111261,0.004,0.3,0.028,0.022,19,15
2016-06-30 10,서울 강남구 ,강남구,111261,0.005,0.3,0.028,0.019,19,16
2016-06-30 11,서울 강남구 ,강남구,111261,0.005,0.3,0.028,0.017,8,5
2016-06-30 12,서울 강남구 ,강남구,111261,0.005,0.4,0.03,0.017,20,13
2016-06-30 13,서울 강남구 ,강남구,111261,0.004,0.3,0.027,0.021,24,17
2016-06-30 14,서울 강남구 ,강남구,111261,0.004,0.2,0.033,0.015,26,18
2016-06-30 15,서울 강남구 ,강남구,111261,0.004,0.2,0.029,0.02,25,20
2016-06-30 16,서울 강남구 ,강남구,111261,0.004,0.2,0.026,0.022,25,17
2016-06-30 17,서울 강남구 ,강남구,111261,0.005,0.3,0.028,0.021,17,14
2016-06-30 18,서울 강남구 ,강남구,111261,0.004,0.3,0.024,0.024,29,20
2016-06-30 19,서울 강남구 ,강남구,111261,0.005,0.2,0.019,0.026,30,19
2016-06-30 20,서울 강남구 ,강남구,111261,0.004,0.3,0.016,0.027,31,22
2016-06-30 21,서울 강남구 ,강남구,111261,0.005,0.3,0.018,0.023,34,15
2016-06-30 22,서울 강남구 ,강남구,111261,0.004,0.4,0.026,0.018,34,28
2016-06-30 23,서울 강남구 ,강남구,111261,0.004,0.3,0.021,0.021,53,36
2016-06-30 24,서울 강남구 ,강남구,111261,0.004,0.3,0.028,0.015,48,34
